{
  "total_api_calls": 90,
  "successful_calls": 90,
  "errors": 0,
  "latencies_ms": [
    88.79613876342773,
    9.293079376220703,
    8.954763412475586,
    7.954597473144531,
    7.725715637207031,
    9.489297866821289,
    9.759902954101562,
    8.706092834472656,
    8.281946182250977,
    8.48841667175293,
    8.757591247558594,
    8.850574493408203,
    8.334159851074219,
    8.122920989990234,
    8.06736946105957,
    7.436275482177734,
    21.203041076660156,
    8.09025764465332,
    8.257389068603516,
    8.208990097045898,
    8.529186248779297,
    7.835626602172852,
    8.083105087280273,
    7.672786712646484,
    7.79414176940918,
    7.589578628540039,
    27.190446853637695,
    8.164405822753906,
    8.013486862182617,
    7.879972457885742,
    8.101224899291992,
    7.7877044677734375,
    7.726192474365234,
    7.968664169311523,
    7.838726043701172,
    7.925748825073242,
    7.167816162109375,
    22.07183837890625,
    8.857250213623047,
    7.71641731262207,
    7.842063903808594,
    7.940053939819336,
    8.09335708618164,
    8.057355880737305,
    7.840156555175781,
    7.743597030639648,
    8.098363876342773,
    7.159233093261719,
    20.813703536987305,
    8.140802383422852,
    8.88681411743164,
    7.97581672668457,
    7.881641387939453,
    7.845163345336914,
    8.198976516723633,
    8.193492889404297,
    7.8887939453125,
    7.700443267822266,
    7.62939453125,
    7.336616516113281,
    7.464885711669922,
    9.113550186157227,
    7.932186126708984,
    7.787466049194336,
    7.598876953125,
    7.905721664428711,
    8.170604705810547,
    8.026599884033203,
    8.020401000976562,
    8.061408996582031,
    7.680177688598633,
    22.87912368774414,
    7.770776748657227,
    7.863283157348633,
    8.254766464233398,
    7.865428924560547,
    7.826328277587891,
    7.656097412109375,
    7.986545562744141,
    7.877349853515625,
    7.791757583618164,
    7.51805305480957,
    27.408599853515625,
    8.159875869750977,
    7.964134216308594,
    8.059978485107422,
    8.465290069580078,
    7.868289947509766,
    8.065938949584961,
    7.930517196655273
  ],
  "latency_p50_ms": 8.000016212463379,
  "latency_p95_ms": 22.07183837890625,
  "latency_p99_ms": 88.79613876342773,
  "latency_avg_ms": 9.988141059875488,
  "commitments_detected": 45,
  "whispers_generated": 0,
  "useful_output_rate": 0.0
}