{
  "signals_in_db": 100000,
  "bulk_insert_time_s": 0.7981774806976318,
  "fts_rebuild_time_s": 0.7477052211761475,
  "db_size_mb": 65,
  "ask_latencies_ms": [
    404.8280715942383,
    53.26581001281738,
    50.47774314880371,
    40.37928581237793,
    39.56866264343262,
    162.08410263061523,
    42.67573356628418,
    42.02437400817871,
    40.845394134521484,
    39.437294006347656
  ],
  "ask_p50_ms": 42.350053787231445,
  "ask_p95_ms": 404.8280715942383,
  "ask_max_ms": 404.8280715942383,
  "get_signals_latency_ms": 14.310359954833984
}